doctor_name,experience,fees,specialization
"Dr. Praveen Ramachandra,Dr. Narendra BS,Dr. Lakshmi Vinutha Reddy,Dr. Muneeb Ahmed Yasir,Dr. Shivaprasad C,Dr. Adarsh K S,Dr. Arpandev Bhattacharyya,Dr. Karthik Prabhakar,Dr. Aditya G. Hegde,Dr. Radhika Kumar","16, ,12, ,19, ,20, ,18, ,10, ,29, ,24, ,7, ,12, ","₹,400,₹,600,₹,550,₹,650,₹,600,₹,650,₹,850,₹,850,₹,700,₹,500","Endocrinologist,Endocrinologist,Endocrinologist,Endocrinologist,Endocrinologist,Endocrinologist,Endocrinologist,Endocrinologist,Endocrinologist,Endocrinologist"
"Dr. Praveen Ramachandra,Dr. Narendra BS,Dr. KVS Mahesh,Dr. Shivaprasad C,Dr. Raja Selvarajan,Dr. Arpandev Bhattacharyya,Dr. Darshana R,Dr. Vijay Kumar,Dr. Rashmi.N.P,Dr. Shivaprasad KS","16, ,12, ,24, ,18, ,14, ,29, ,10, ,17, ,21, ,12, ","₹,400,₹,600,₹,500,₹,600,₹,600,₹,850,₹,200,₹,500,₹,350,₹,500","Diabetologist,Diabetologist,Diabetologist,Diabetologist,Diabetologist,Diabetologist,Diabetologist,Diabetologist,Diabetologist,Diabetologist"
"Dr. Satish Kumar S,Dr. Chandrika K.M,Dr. Shankar Kumar,Dr. Anantharaman.R,Dr. Shivaprasad KS,Dr. Fred Williams,Dr. Satish Babu K. N,Dr. S M Fayaz,Dr. Chitra S,Dr. Vijaya Sarathi H A","25, ,22, ,30, ,12, ,12, ,11, ,23, ,9, ,13, ,12, ","₹,700,₹,400,₹,500,₹,600,₹,500,₹,850,₹,550,₹,400,₹,500,₹,600","Endocrinologist,Endocrinologist,Endocrinologist,Endocrinologist,Endocrinologist,Endocrinologist,Endocrinologist,Endocrinologist,Endocrinologist,Endocrinologist"
"Dr. A Sharda,Dr. Srinivasa Phanidhar Munigoti,Dr. Suryanarayana K M,Dr. Radhika Vijayaraghavan,Dr. K M Prasanna Kumar,Dr. Sanjai Kumar H.V,Dr. Abhijit Bhograj,Dr. Rajeswari Janakiraman,Dr. Pallavi D Rao,Dr. Aditi Chopra","28, ,17, ,25, ,12, ,19, ,29, ,12, ,15, ,8, ,11, ","₹,500,₹,800,₹,450,₹,800,₹,750,₹,650,₹,600,₹,700,₹,550,₹,800","Endocrinologist,Endocrinologist,Endocrinologist,Endocrinologist,Endocrinologist,Endocrinologist,Endocrinologist,Endocrinologist,Endocrinologist,Endocrinologist"
"Dr. S M Fayaz,Dr. Balaji Jaganmohan,Dr. Neelkanth Kote,Dr. Mahesh.D.M,Dr. Raghavendra Raju,Dr. Anitha G C,Dr. N S Ramesh,Dr. Govindappa,Dr. Abhay Gundgurthi,Dr. Shashi Kumar Reddy","9, ,10, ,9, ,10, ,10, ,22, ,42, ,41, ,19, ,23, ","₹,400,₹,600,₹,500,₹,400,₹,550,₹,500,₹,400,₹,400,₹,550,₹,400","Diabetologist,Diabetologist,Diabetologist,Diabetologist,Diabetologist,Diabetologist,Diabetologist,Diabetologist,Diabetologist,Diabetologist"
"Dr. Srinath A,Dr. Faseeh K M","13, ,9, ","₹,400,₹,500","Endocrinologist,Endocrinologist"
